timestamp,ore_type,runtime_minutes
2026-06-24 03:08:00,stolen,0.32
2026-06-24 03:08:30,bronze,0.81
2026-06-24 03:09:17,bronze,1.60
2026-06-24 03:09:41,bronze,2.01
2026-06-24 03:10:09,bronze,2.46
2026-06-24 03:11:05,bronze,3.40
2026-06-24 03:11:31,bronze,3.83
2026-06-24 03:11:59,bronze,4.30
2026-06-24 03:12:41,bronze,4.99
2026-06-24 03:13:29,bronze,5.81
2026-06-24 03:14:14,bronze,6.55
2026-06-24 03:14:50,bronze,7.15
2026-06-24 03:15:29,bronze,7.81
2026-06-24 03:16:04,bronze,8.38
2026-06-24 03:16:45,bronze,9.07
2026-06-24 03:17:28,bronze,9.79
2026-06-24 03:17:58,bronze,10.28
2026-06-24 03:18:46,unknown,11.09
2026-06-24 03:19:07,bronze,11.44
2026-06-24 03:19:32,gold,11.85
2026-06-24 03:19:56,bronze,12.25
2026-06-24 03:20:39,stolen,12.96
2026-06-24 03:21:26,bronze,13.75
2026-06-24 03:22:26,bronze,14.76
2026-06-24 03:23:07,silver,15.43
2026-06-24 03:23:31,bronze,15.83
2026-06-24 03:24:29,bronze,16.80
2026-06-24 03:25:07,bronze,17.42
2026-06-24 03:25:39,silver,17.96
2026-06-24 03:26:16,bronze,18.58
